<profile>

<section name = "Vitis HLS Report for 'saxpy'" level="0">
<item name = "Date">Thu Mar 31 04:00:18 2022
</item>
<item name = "Version">2020.1.1 (Build 2960000 on Wed Aug 05 23:18:37 MDT 2020)</item>
<item name = "Project">lab4_saxpy</item>
<item name = "Solution">solution1 (Vivado IP Flow Target)</item>
<item name = "Product family">zynq</item>
<item name = "Target device">xc7z020-clg400-1</item>
</section>

<section name = "Performance Estimates" level="0">
<item name = "Timing">
<section name = "" level="1">
<item name = "Summary"><table name="" hasTotal="0">
<keys size="4">Clock, Target, Estimated, Uncertainty</keys>
<column name="ap_clk">10.00 ns, 8.317 ns, 2.70 ns</column>
</table>
</item>
</section>
</item>
<item name = "Latency">
<section name = "" level="1">
<item name = "Summary"><table name="" hasTotal="0">
<keys size="8">, min, max, min, max, min, max, Type</keys>
<column name="">39, 39, 0.390 us, 0.390 us, 40, 40, dataflow</column>
</table>
</item>
<item name = "Detail">
<section name = "" level="1">
<item name = "Instance"><table name="" hasTotal="0">
<keys size="9">Instance, Module, min, max, min, max, min, max, Type</keys>
<column name="Block_split1_proc_U0">Block_split1_proc, 39, 39, 0.390 us, 0.390 us, 39, 39, none</column>
</table>
</item>
<item name = "Loop"><table name="" hasTotal="0">
<keys size="8">Loop Name, min, max, Latency, achieved, target, Count, Pipelined</keys>
</table>
</item>
</section>
</item>
</section>
</item>
</section>

<section name = "Utilization Estimates" level="0">
<item name = "Summary"><table name="" hasTotal="1">
<keys size="6">Name, BRAM_18K, DSP, FF, LUT, URAM</keys>
<column name="DSP">-, -, -, -, -</column>
<column name="Expression">-, -, -, -, -</column>
<column name="FIFO">-, -, -, -, -</column>
<column name="Instance">2, 26, 4356, 5739, -</column>
<column name="Memory">-, -, -, -, -</column>
<column name="Multiplexer">-, -, -, -, -</column>
<column name="Register">-, -, -, -, -</column>
<specialColumn name="Available">280, 220, 106400, 53200, 0</specialColumn>
<specialColumn name="Utilization (%)">~0, 11, 4, 10, 0</specialColumn>
</table>
</item>
<item name = "Detail">
<section name = "" level="1">
<item name = "Instance"><table name="" hasTotal="1">
<keys size="7">Instance, Module, BRAM_18K, DSP, FF, LUT, URAM</keys>
<column name="Block_split1_proc_U0">Block_split1_proc, 0, 26, 3630, 4799, 0</column>
<column name="control_s_axi_U">control_s_axi, 0, 0, 214, 360, 0</column>
<column name="gmem_m_axi_U">gmem_m_axi, 2, 0, 512, 580, 0</column>
</table>
</item>
<item name = "DSP"><table name="" hasTotal="0">
<keys size="3">Instance, Module, Expression</keys>
</table>
</item>
<item name = "Memory"><table name="" hasTotal="1">
<keys size="10">Memory, Module, BRAM_18K, FF, LUT, URAM, Words, Bits, Banks, W*Bits*Banks</keys>
</table>
</item>
<item name = "FIFO"><table name="" hasTotal="1">
<keys size="8">Name, BRAM_18K, FF, LUT, URAM, Depth, Bits, Size:D*B</keys>
</table>
</item>
<item name = "Expression"><table name="" hasTotal="1">
<keys size="7">Variable Name, Operation, DSP, FF, LUT, Bitwidth P0, Bitwidth P1</keys>
</table>
</item>
<item name = "Multiplexer"><table name="" hasTotal="1">
<keys size="5">Name, LUT, Input Size, Bits, Total Bits</keys>
</table>
</item>
<item name = "Register"><table name="" hasTotal="1">
<keys size="5">Name, FF, LUT, Bits, Const Bits</keys>
</table>
</item>
</section>
</item>
</section>

<section name = "Interface" level="0">
<item name = "Summary"><table name="" hasTotal="0">
<keys size="6">RTL Ports, Dir, Bits, Protocol, Source Object, C Type</keys>
<column name="s_axi_control_AWVALID">in, 1, s_axi, control, return void</column>
<column name="s_axi_control_AWREADY">out, 1, s_axi, control, return void</column>
<column name="s_axi_control_AWADDR">in, 6, s_axi, control, return void</column>
<column name="s_axi_control_WVALID">in, 1, s_axi, control, return void</column>
<column name="s_axi_control_WREADY">out, 1, s_axi, control, return void</column>
<column name="s_axi_control_WDATA">in, 32, s_axi, control, return void</column>
<column name="s_axi_control_WSTRB">in, 4, s_axi, control, return void</column>
<column name="s_axi_control_ARVALID">in, 1, s_axi, control, return void</column>
<column name="s_axi_control_ARREADY">out, 1, s_axi, control, return void</column>
<column name="s_axi_control_ARADDR">in, 6, s_axi, control, return void</column>
<column name="s_axi_control_RVALID">out, 1, s_axi, control, return void</column>
<column name="s_axi_control_RREADY">in, 1, s_axi, control, return void</column>
<column name="s_axi_control_RDATA">out, 32, s_axi, control, return void</column>
<column name="s_axi_control_RRESP">out, 2, s_axi, control, return void</column>
<column name="s_axi_control_BVALID">out, 1, s_axi, control, return void</column>
<column name="s_axi_control_BREADY">in, 1, s_axi, control, return void</column>
<column name="s_axi_control_BRESP">out, 2, s_axi, control, return void</column>
<column name="ap_clk">in, 1, ap_ctrl_hs, saxpy, return value</column>
<column name="ap_rst_n">in, 1, ap_ctrl_hs, saxpy, return value</column>
<column name="interrupt">out, 1, ap_ctrl_hs, saxpy, return value</column>
<column name="m_axi_gmem_AWVALID">out, 1, m_axi, gmem, pointer</column>
<column name="m_axi_gmem_AWREADY">in, 1, m_axi, gmem, pointer</column>
<column name="m_axi_gmem_AWADDR">out, 64, m_axi, gmem, pointer</column>
<column name="m_axi_gmem_AWID">out, 1, m_axi, gmem, pointer</column>
<column name="m_axi_gmem_AWLEN">out, 8, m_axi, gmem, pointer</column>
<column name="m_axi_gmem_AWSIZE">out, 3, m_axi, gmem, pointer</column>
<column name="m_axi_gmem_AWBURST">out, 2, m_axi, gmem, pointer</column>
<column name="m_axi_gmem_AWLOCK">out, 2, m_axi, gmem, pointer</column>
<column name="m_axi_gmem_AWCACHE">out, 4, m_axi, gmem, pointer</column>
<column name="m_axi_gmem_AWPROT">out, 3, m_axi, gmem, pointer</column>
<column name="m_axi_gmem_AWQOS">out, 4, m_axi, gmem, pointer</column>
<column name="m_axi_gmem_AWREGION">out, 4, m_axi, gmem, pointer</column>
<column name="m_axi_gmem_AWUSER">out, 1, m_axi, gmem, pointer</column>
<column name="m_axi_gmem_WVALID">out, 1, m_axi, gmem, pointer</column>
<column name="m_axi_gmem_WREADY">in, 1, m_axi, gmem, pointer</column>
<column name="m_axi_gmem_WDATA">out, 32, m_axi, gmem, pointer</column>
<column name="m_axi_gmem_WSTRB">out, 4, m_axi, gmem, pointer</column>
<column name="m_axi_gmem_WLAST">out, 1, m_axi, gmem, pointer</column>
<column name="m_axi_gmem_WID">out, 1, m_axi, gmem, pointer</column>
<column name="m_axi_gmem_WUSER">out, 1, m_axi, gmem, pointer</column>
<column name="m_axi_gmem_ARVALID">out, 1, m_axi, gmem, pointer</column>
<column name="m_axi_gmem_ARREADY">in, 1, m_axi, gmem, pointer</column>
<column name="m_axi_gmem_ARADDR">out, 64, m_axi, gmem, pointer</column>
<column name="m_axi_gmem_ARID">out, 1, m_axi, gmem, pointer</column>
<column name="m_axi_gmem_ARLEN">out, 8, m_axi, gmem, pointer</column>
<column name="m_axi_gmem_ARSIZE">out, 3, m_axi, gmem, pointer</column>
<column name="m_axi_gmem_ARBURST">out, 2, m_axi, gmem, pointer</column>
<column name="m_axi_gmem_ARLOCK">out, 2, m_axi, gmem, pointer</column>
<column name="m_axi_gmem_ARCACHE">out, 4, m_axi, gmem, pointer</column>
<column name="m_axi_gmem_ARPROT">out, 3, m_axi, gmem, pointer</column>
<column name="m_axi_gmem_ARQOS">out, 4, m_axi, gmem, pointer</column>
<column name="m_axi_gmem_ARREGION">out, 4, m_axi, gmem, pointer</column>
<column name="m_axi_gmem_ARUSER">out, 1, m_axi, gmem, pointer</column>
<column name="m_axi_gmem_RVALID">in, 1, m_axi, gmem, pointer</column>
<column name="m_axi_gmem_RREADY">out, 1, m_axi, gmem, pointer</column>
<column name="m_axi_gmem_RDATA">in, 32, m_axi, gmem, pointer</column>
<column name="m_axi_gmem_RLAST">in, 1, m_axi, gmem, pointer</column>
<column name="m_axi_gmem_RID">in, 1, m_axi, gmem, pointer</column>
<column name="m_axi_gmem_RUSER">in, 1, m_axi, gmem, pointer</column>
<column name="m_axi_gmem_RRESP">in, 2, m_axi, gmem, pointer</column>
<column name="m_axi_gmem_BVALID">in, 1, m_axi, gmem, pointer</column>
<column name="m_axi_gmem_BREADY">out, 1, m_axi, gmem, pointer</column>
<column name="m_axi_gmem_BRESP">in, 2, m_axi, gmem, pointer</column>
<column name="m_axi_gmem_BID">in, 1, m_axi, gmem, pointer</column>
<column name="m_axi_gmem_BUSER">in, 1, m_axi, gmem, pointer</column>
</table>
</item>
</section>
</profile>
