<annotationInfo>
<annotationInfo>
<item  id="9" filename="../saxpy.cpp" linenumber="27" name="trunc_ln" contextFuncName="saxpy" contextNormFuncName="saxpy" moduleName="Block_.split1_proc" rtlName="trunc_ln_fu_463_p4" latency="0" BRAM="-1" DSP="-1" FF="-1" LUT="-1" fileDirectory="C:\Users\JEONWOONGBAE\AppData\Roaming\Xilinx\Vitis"&gt;&lt;\/item&gt;
<item  id="10" filename="../saxpy.cpp" linenumber="27" name="sext_ln27" contextFuncName="saxpy" contextNormFuncName="saxpy" moduleName="Block_.split1_proc" rtlName="sext_ln27_fu_473_p1" latency="0" BRAM="-1" DSP="-1" FF="-1" LUT="-1" fileDirectory="C:\Users\JEONWOONGBAE\AppData\Roaming\Xilinx\Vitis"&gt;&lt;\/item&gt;
<item  id="14" filename="../saxpy.cpp" linenumber="27" name="buf" contextFuncName="saxpy" contextNormFuncName="saxpy" moduleName="Block_.split1_proc" rtlName="buf_fu_857_p1" latency="0" BRAM="-1" DSP="-1" FF="-1" LUT="-1" fileDirectory="C:\Users\JEONWOONGBAE\AppData\Roaming\Xilinx\Vitis"&gt;&lt;\/item&gt;
<item  id="15" filename="../saxpy.cpp" linenumber="27" name="add_ln27" contextFuncName="saxpy" contextNormFuncName="saxpy" moduleName="Block_.split1_proc" rtlName="add_ln27_fu_484_p2" latency="0" BRAM="-1" DSP="-1" FF="0" LUT="71" fileDirectory="C:\Users\JEONWOONGBAE\AppData\Roaming\Xilinx\Vitis"&gt;&lt;\/item&gt;
<item  id="16" filename="../saxpy.cpp" linenumber="27" name="trunc_ln27_1" contextFuncName="saxpy" contextNormFuncName="saxpy" moduleName="Block_.split1_proc" rtlName="trunc_ln27_1_fu_490_p4" latency="0" BRAM="-1" DSP="-1" FF="-1" LUT="-1" fileDirectory="C:\Users\JEONWOONGBAE\AppData\Roaming\Xilinx\Vitis"&gt;&lt;\/item&gt;
<item  id="17" filename="../saxpy.cpp" linenumber="27" name="sext_ln27_1" contextFuncName="saxpy" contextNormFuncName="saxpy" moduleName="Block_.split1_proc" rtlName="sext_ln27_1_fu_500_p1" latency="0" BRAM="-1" DSP="-1" FF="-1" LUT="-1" fileDirectory="C:\Users\JEONWOONGBAE\AppData\Roaming\Xilinx\Vitis"&gt;&lt;\/item&gt;
<item  id="21" filename="../saxpy.cpp" linenumber="27" name="buf_1" contextFuncName="saxpy" contextNormFuncName="saxpy" moduleName="Block_.split1_proc" rtlName="buf_1_fu_886_p1" latency="0" BRAM="-1" DSP="-1" FF="-1" LUT="-1" fileDirectory="C:\Users\JEONWOONGBAE\AppData\Roaming\Xilinx\Vitis"&gt;&lt;\/item&gt;
<item  id="22" filename="../saxpy.cpp" linenumber="27" name="add_ln27_1" contextFuncName="saxpy" contextNormFuncName="saxpy" moduleName="Block_.split1_proc" rtlName="add_ln27_1_fu_510_p2" latency="0" BRAM="-1" DSP="-1" FF="0" LUT="71" fileDirectory="C:\Users\JEONWOONGBAE\AppData\Roaming\Xilinx\Vitis"&gt;&lt;\/item&gt;
<item  id="23" filename="../saxpy.cpp" linenumber="27" name="trunc_ln27_2" contextFuncName="saxpy" contextNormFuncName="saxpy" moduleName="Block_.split1_proc" rtlName="trunc_ln27_2_fu_515_p4" latency="0" BRAM="-1" DSP="-1" FF="-1" LUT="-1" fileDirectory="C:\Users\JEONWOONGBAE\AppData\Roaming\Xilinx\Vitis"&gt;&lt;\/item&gt;
<item  id="24" filename="../saxpy.cpp" linenumber="27" name="sext_ln27_2" contextFuncName="saxpy" contextNormFuncName="saxpy" moduleName="Block_.split1_proc" rtlName="sext_ln27_2_fu_525_p1" latency="0" BRAM="-1" DSP="-1" FF="-1" LUT="-1" fileDirectory="C:\Users\JEONWOONGBAE\AppData\Roaming\Xilinx\Vitis"&gt;&lt;\/item&gt;
<item  id="28" filename="../saxpy.cpp" linenumber="27" name="buf_2" contextFuncName="saxpy" contextNormFuncName="saxpy" moduleName="Block_.split1_proc" rtlName="buf_2_fu_915_p1" latency="0" BRAM="-1" DSP="-1" FF="-1" LUT="-1" fileDirectory="C:\Users\JEONWOONGBAE\AppData\Roaming\Xilinx\Vitis"&gt;&lt;\/item&gt;
<item  id="29" filename="../saxpy.cpp" linenumber="27" name="add_ln27_2" contextFuncName="saxpy" contextNormFuncName="saxpy" moduleName="Block_.split1_proc" rtlName="add_ln27_2_fu_535_p2" latency="0" BRAM="-1" DSP="-1" FF="0" LUT="71" fileDirectory="C:\Users\JEONWOONGBAE\AppData\Roaming\Xilinx\Vitis"&gt;&lt;\/item&gt;
<item  id="30" filename="../saxpy.cpp" linenumber="27" name="trunc_ln27_3" contextFuncName="saxpy" contextNormFuncName="saxpy" moduleName="Block_.split1_proc" rtlName="trunc_ln27_3_fu_540_p4" latency="0" BRAM="-1" DSP="-1" FF="-1" LUT="-1" fileDirectory="C:\Users\JEONWOONGBAE\AppData\Roaming\Xilinx\Vitis"&gt;&lt;\/item&gt;
<item  id="31" filename="../saxpy.cpp" linenumber="27" name="sext_ln27_3" contextFuncName="saxpy" contextNormFuncName="saxpy" moduleName="Block_.split1_proc" rtlName="sext_ln27_3_fu_550_p1" latency="0" BRAM="-1" DSP="-1" FF="-1" LUT="-1" fileDirectory="C:\Users\JEONWOONGBAE\AppData\Roaming\Xilinx\Vitis"&gt;&lt;\/item&gt;
<item  id="35" filename="../saxpy.cpp" linenumber="27" name="buf_3" contextFuncName="saxpy" contextNormFuncName="saxpy" moduleName="Block_.split1_proc" rtlName="grp_fu_427_p0" latency="0" BRAM="-1" DSP="-1" FF="-1" LUT="-1" fileDirectory="C:\Users\JEONWOONGBAE\AppData\Roaming\Xilinx\Vitis"&gt;&lt;\/item&gt;
<item  id="36" filename="../saxpy.cpp" linenumber="27" name="add_ln27_3" contextFuncName="saxpy" contextNormFuncName="saxpy" moduleName="Block_.split1_proc" rtlName="add_ln27_3_fu_560_p2" latency="0" BRAM="-1" DSP="-1" FF="0" LUT="71" fileDirectory="C:\Users\JEONWOONGBAE\AppData\Roaming\Xilinx\Vitis"&gt;&lt;\/item&gt;
<item  id="37" filename="../saxpy.cpp" linenumber="27" name="trunc_ln27_4" contextFuncName="saxpy" contextNormFuncName="saxpy" moduleName="Block_.split1_proc" rtlName="trunc_ln27_4_fu_565_p4" latency="0" BRAM="-1" DSP="-1" FF="-1" LUT="-1" fileDirectory="C:\Users\JEONWOONGBAE\AppData\Roaming\Xilinx\Vitis"&gt;&lt;\/item&gt;
<item  id="38" filename="../saxpy.cpp" linenumber="27" name="sext_ln27_4" contextFuncName="saxpy" contextNormFuncName="saxpy" moduleName="Block_.split1_proc" rtlName="sext_ln27_4_fu_575_p1" latency="0" BRAM="-1" DSP="-1" FF="-1" LUT="-1" fileDirectory="C:\Users\JEONWOONGBAE\AppData\Roaming\Xilinx\Vitis"&gt;&lt;\/item&gt;
<item  id="42" filename="../saxpy.cpp" linenumber="27" name="buf_4" contextFuncName="saxpy" contextNormFuncName="saxpy" moduleName="Block_.split1_proc" rtlName="grp_fu_431_p0" latency="0" BRAM="-1" DSP="-1" FF="-1" LUT="-1" fileDirectory="C:\Users\JEONWOONGBAE\AppData\Roaming\Xilinx\Vitis"&gt;&lt;\/item&gt;
<item  id="43" filename="../saxpy.cpp" linenumber="27" name="add_ln27_4" contextFuncName="saxpy" contextNormFuncName="saxpy" moduleName="Block_.split1_proc" rtlName="add_ln27_4_fu_585_p2" latency="0" BRAM="-1" DSP="-1" FF="0" LUT="71" fileDirectory="C:\Users\JEONWOONGBAE\AppData\Roaming\Xilinx\Vitis"&gt;&lt;\/item&gt;
<item  id="44" filename="../saxpy.cpp" linenumber="27" name="trunc_ln27_5" contextFuncName="saxpy" contextNormFuncName="saxpy" moduleName="Block_.split1_proc" rtlName="trunc_ln27_5_fu_590_p4" latency="0" BRAM="-1" DSP="-1" FF="-1" LUT="-1" fileDirectory="C:\Users\JEONWOONGBAE\AppData\Roaming\Xilinx\Vitis"&gt;&lt;\/item&gt;
<item  id="45" filename="../saxpy.cpp" linenumber="27" name="sext_ln27_5" contextFuncName="saxpy" contextNormFuncName="saxpy" moduleName="Block_.split1_proc" rtlName="sext_ln27_5_fu_600_p1" latency="0" BRAM="-1" DSP="-1" FF="-1" LUT="-1" fileDirectory="C:\Users\JEONWOONGBAE\AppData\Roaming\Xilinx\Vitis"&gt;&lt;\/item&gt;
<item  id="49" filename="../saxpy.cpp" linenumber="27" name="buf_5" contextFuncName="saxpy" contextNormFuncName="saxpy" moduleName="Block_.split1_proc" rtlName="grp_fu_435_p0" latency="0" BRAM="-1" DSP="-1" FF="-1" LUT="-1" fileDirectory="C:\Users\JEONWOONGBAE\AppData\Roaming\Xilinx\Vitis"&gt;&lt;\/item&gt;
<item  id="50" filename="../saxpy.cpp" linenumber="27" name="add_ln27_5" contextFuncName="saxpy" contextNormFuncName="saxpy" moduleName="Block_.split1_proc" rtlName="add_ln27_5_fu_610_p2" latency="0" BRAM="-1" DSP="-1" FF="0" LUT="71" fileDirectory="C:\Users\JEONWOONGBAE\AppData\Roaming\Xilinx\Vitis"&gt;&lt;\/item&gt;
<item  id="51" filename="../saxpy.cpp" linenumber="27" name="trunc_ln27_6" contextFuncName="saxpy" contextNormFuncName="saxpy" moduleName="Block_.split1_proc" rtlName="trunc_ln27_6_fu_615_p4" latency="0" BRAM="-1" DSP="-1" FF="-1" LUT="-1" fileDirectory="C:\Users\JEONWOONGBAE\AppData\Roaming\Xilinx\Vitis"&gt;&lt;\/item&gt;
<item  id="52" filename="../saxpy.cpp" linenumber="27" name="sext_ln27_6" contextFuncName="saxpy" contextNormFuncName="saxpy" moduleName="Block_.split1_proc" rtlName="sext_ln27_6_fu_625_p1" latency="0" BRAM="-1" DSP="-1" FF="-1" LUT="-1" fileDirectory="C:\Users\JEONWOONGBAE\AppData\Roaming\Xilinx\Vitis"&gt;&lt;\/item&gt;
<item  id="56" filename="../saxpy.cpp" linenumber="27" name="buf_6" contextFuncName="saxpy" contextNormFuncName="saxpy" moduleName="Block_.split1_proc" rtlName="grp_fu_439_p0" latency="0" BRAM="-1" DSP="-1" FF="-1" LUT="-1" fileDirectory="C:\Users\JEONWOONGBAE\AppData\Roaming\Xilinx\Vitis"&gt;&lt;\/item&gt;
<item  id="57" filename="../saxpy.cpp" linenumber="27" name="add_ln27_6" contextFuncName="saxpy" contextNormFuncName="saxpy" moduleName="Block_.split1_proc" rtlName="add_ln27_6_fu_635_p2" latency="0" BRAM="-1" DSP="-1" FF="0" LUT="71" fileDirectory="C:\Users\JEONWOONGBAE\AppData\Roaming\Xilinx\Vitis"&gt;&lt;\/item&gt;
<item  id="58" filename="../saxpy.cpp" linenumber="27" name="trunc_ln27_7" contextFuncName="saxpy" contextNormFuncName="saxpy" moduleName="Block_.split1_proc" rtlName="trunc_ln27_7_fu_640_p4" latency="0" BRAM="-1" DSP="-1" FF="-1" LUT="-1" fileDirectory="C:\Users\JEONWOONGBAE\AppData\Roaming\Xilinx\Vitis"&gt;&lt;\/item&gt;
<item  id="59" filename="../saxpy.cpp" linenumber="27" name="sext_ln27_7" contextFuncName="saxpy" contextNormFuncName="saxpy" moduleName="Block_.split1_proc" rtlName="sext_ln27_7_fu_650_p1" latency="0" BRAM="-1" DSP="-1" FF="-1" LUT="-1" fileDirectory="C:\Users\JEONWOONGBAE\AppData\Roaming\Xilinx\Vitis"&gt;&lt;\/item&gt;
<item  id="63" filename="../saxpy.cpp" linenumber="27" name="buf_7" contextFuncName="saxpy" contextNormFuncName="saxpy" moduleName="Block_.split1_proc" rtlName="grp_fu_443_p0" latency="0" BRAM="-1" DSP="-1" FF="-1" LUT="-1" fileDirectory="C:\Users\JEONWOONGBAE\AppData\Roaming\Xilinx\Vitis"&gt;&lt;\/item&gt;
<item  id="64" filename="../saxpy.cpp" linenumber="27" name="add_ln27_7" contextFuncName="saxpy" contextNormFuncName="saxpy" moduleName="Block_.split1_proc" rtlName="add_ln27_7_fu_660_p2" latency="0" BRAM="-1" DSP="-1" FF="0" LUT="71" fileDirectory="C:\Users\JEONWOONGBAE\AppData\Roaming\Xilinx\Vitis"&gt;&lt;\/item&gt;
<item  id="65" filename="../saxpy.cpp" linenumber="27" name="trunc_ln27_8" contextFuncName="saxpy" contextNormFuncName="saxpy" moduleName="Block_.split1_proc" rtlName="trunc_ln27_8_fu_665_p4" latency="0" BRAM="-1" DSP="-1" FF="-1" LUT="-1" fileDirectory="C:\Users\JEONWOONGBAE\AppData\Roaming\Xilinx\Vitis"&gt;&lt;\/item&gt;
<item  id="66" filename="../saxpy.cpp" linenumber="27" name="sext_ln27_8" contextFuncName="saxpy" contextNormFuncName="saxpy" moduleName="Block_.split1_proc" rtlName="sext_ln27_8_fu_675_p1" latency="0" BRAM="-1" DSP="-1" FF="-1" LUT="-1" fileDirectory="C:\Users\JEONWOONGBAE\AppData\Roaming\Xilinx\Vitis"&gt;&lt;\/item&gt;
<item  id="70" filename="../saxpy.cpp" linenumber="27" name="buf_8" contextFuncName="saxpy" contextNormFuncName="saxpy" moduleName="Block_.split1_proc" rtlName="grp_fu_447_p0" latency="0" BRAM="-1" DSP="-1" FF="-1" LUT="-1" fileDirectory="C:\Users\JEONWOONGBAE\AppData\Roaming\Xilinx\Vitis"&gt;&lt;\/item&gt;
<item  id="71" filename="../saxpy.cpp" linenumber="27" name="add_ln27_8" contextFuncName="saxpy" contextNormFuncName="saxpy" moduleName="Block_.split1_proc" rtlName="add_ln27_8_fu_685_p2" latency="0" BRAM="-1" DSP="-1" FF="0" LUT="71" fileDirectory="C:\Users\JEONWOONGBAE\AppData\Roaming\Xilinx\Vitis"&gt;&lt;\/item&gt;
<item  id="72" filename="../saxpy.cpp" linenumber="27" name="trunc_ln27_9" contextFuncName="saxpy" contextNormFuncName="saxpy" moduleName="Block_.split1_proc" rtlName="trunc_ln27_9_fu_690_p4" latency="0" BRAM="-1" DSP="-1" FF="-1" LUT="-1" fileDirectory="C:\Users\JEONWOONGBAE\AppData\Roaming\Xilinx\Vitis"&gt;&lt;\/item&gt;
<item  id="73" filename="../saxpy.cpp" linenumber="27" name="sext_ln27_9" contextFuncName="saxpy" contextNormFuncName="saxpy" moduleName="Block_.split1_proc" rtlName="sext_ln27_9_fu_700_p1" latency="0" BRAM="-1" DSP="-1" FF="-1" LUT="-1" fileDirectory="C:\Users\JEONWOONGBAE\AppData\Roaming\Xilinx\Vitis"&gt;&lt;\/item&gt;
<item  id="77" filename="../saxpy.cpp" linenumber="27" name="buf_9" contextFuncName="saxpy" contextNormFuncName="saxpy" moduleName="Block_.split1_proc" rtlName="grp_fu_451_p0" latency="0" BRAM="-1" DSP="-1" FF="-1" LUT="-1" fileDirectory="C:\Users\JEONWOONGBAE\AppData\Roaming\Xilinx\Vitis"&gt;&lt;\/item&gt;
<item  id="78" filename="../saxpy.cpp" linenumber="32" name="trunc_ln1" contextFuncName="saxpy" contextNormFuncName="saxpy" moduleName="Block_.split1_proc" rtlName="trunc_ln1_fu_710_p4" latency="0" BRAM="-1" DSP="-1" FF="-1" LUT="-1" fileDirectory="C:\Users\JEONWOONGBAE\AppData\Roaming\Xilinx\Vitis"&gt;&lt;\/item&gt;
<item  id="79" filename="../saxpy.cpp" linenumber="32" name="sext_ln32" contextFuncName="saxpy" contextNormFuncName="saxpy" moduleName="Block_.split1_proc" rtlName="sext_ln32_fu_720_p1" latency="0" BRAM="-1" DSP="-1" FF="-1" LUT="-1" fileDirectory="C:\Users\JEONWOONGBAE\AppData\Roaming\Xilinx\Vitis"&gt;&lt;\/item&gt;
<item  id="83" filename="../saxpy.cpp" linenumber="32" name="ybuf" contextFuncName="saxpy" contextNormFuncName="saxpy" moduleName="Block_.split1_proc" rtlName="ybuf_fu_997_p1" latency="0" BRAM="-1" DSP="-1" FF="-1" LUT="-1" fileDirectory="C:\Users\JEONWOONGBAE\AppData\Roaming\Xilinx\Vitis"&gt;&lt;\/item&gt;
<item  id="84" filename="../saxpy.cpp" linenumber="32" name="add_ln32" contextFuncName="saxpy" contextNormFuncName="saxpy" moduleName="Block_.split1_proc" rtlName="add_ln32_fu_731_p2" latency="0" BRAM="-1" DSP="-1" FF="0" LUT="71" fileDirectory="C:\Users\JEONWOONGBAE\AppData\Roaming\Xilinx\Vitis"&gt;&lt;\/item&gt;
<item  id="85" filename="../saxpy.cpp" linenumber="32" name="trunc_ln32_1" contextFuncName="saxpy" contextNormFuncName="saxpy" moduleName="Block_.split1_proc" rtlName="trunc_ln32_1_fu_737_p4" latency="0" BRAM="-1" DSP="-1" FF="-1" LUT="-1" fileDirectory="C:\Users\JEONWOONGBAE\AppData\Roaming\Xilinx\Vitis"&gt;&lt;\/item&gt;
<item  id="86" filename="../saxpy.cpp" linenumber="32" name="sext_ln32_1" contextFuncName="saxpy" contextNormFuncName="saxpy" moduleName="Block_.split1_proc" rtlName="sext_ln32_1_fu_747_p1" latency="0" BRAM="-1" DSP="-1" FF="-1" LUT="-1" fileDirectory="C:\Users\JEONWOONGBAE\AppData\Roaming\Xilinx\Vitis"&gt;&lt;\/item&gt;
<item  id="90" filename="../saxpy.cpp" linenumber="32" name="ybuf_1" contextFuncName="saxpy" contextNormFuncName="saxpy" moduleName="Block_.split1_proc" rtlName="ybuf_1_fu_1001_p1" latency="0" BRAM="-1" DSP="-1" FF="-1" LUT="-1" fileDirectory="C:\Users\JEONWOONGBAE\AppData\Roaming\Xilinx\Vitis"&gt;&lt;\/item&gt;
<item  id="91" filename="../saxpy.cpp" linenumber="32" name="add_ln32_1" contextFuncName="saxpy" contextNormFuncName="saxpy" moduleName="Block_.split1_proc" rtlName="add_ln32_1_fu_757_p2" latency="0" BRAM="-1" DSP="-1" FF="0" LUT="71" fileDirectory="C:\Users\JEONWOONGBAE\AppData\Roaming\Xilinx\Vitis"&gt;&lt;\/item&gt;
<item  id="92" filename="../saxpy.cpp" linenumber="32" name="trunc_ln32_2" contextFuncName="saxpy" contextNormFuncName="saxpy" moduleName="Block_.split1_proc" rtlName="trunc_ln32_2_fu_762_p4" latency="0" BRAM="-1" DSP="-1" FF="-1" LUT="-1" fileDirectory="C:\Users\JEONWOONGBAE\AppData\Roaming\Xilinx\Vitis"&gt;&lt;\/item&gt;
<item  id="93" filename="../saxpy.cpp" linenumber="32" name="sext_ln32_2" contextFuncName="saxpy" contextNormFuncName="saxpy" moduleName="Block_.split1_proc" rtlName="sext_ln32_2_fu_772_p1" latency="0" BRAM="-1" DSP="-1" FF="-1" LUT="-1" fileDirectory="C:\Users\JEONWOONGBAE\AppData\Roaming\Xilinx\Vitis"&gt;&lt;\/item&gt;
<item  id="97" filename="../saxpy.cpp" linenumber="32" name="ybuf_2" contextFuncName="saxpy" contextNormFuncName="saxpy" moduleName="Block_.split1_proc" rtlName="ybuf_2_fu_1005_p1" latency="0" BRAM="-1" DSP="-1" FF="-1" LUT="-1" fileDirectory="C:\Users\JEONWOONGBAE\AppData\Roaming\Xilinx\Vitis"&gt;&lt;\/item&gt;
<item  id="98" filename="../saxpy.cpp" linenumber="32" name="add_ln32_2" contextFuncName="saxpy" contextNormFuncName="saxpy" moduleName="Block_.split1_proc" rtlName="add_ln32_2_fu_782_p2" latency="0" BRAM="-1" DSP="-1" FF="0" LUT="71" fileDirectory="C:\Users\JEONWOONGBAE\AppData\Roaming\Xilinx\Vitis"&gt;&lt;\/item&gt;
<item  id="99" filename="../saxpy.cpp" linenumber="32" name="trunc_ln32_3" contextFuncName="saxpy" contextNormFuncName="saxpy" moduleName="Block_.split1_proc" rtlName="trunc_ln32_3_fu_787_p4" latency="0" BRAM="-1" DSP="-1" FF="-1" LUT="-1" fileDirectory="C:\Users\JEONWOONGBAE\AppData\Roaming\Xilinx\Vitis"&gt;&lt;\/item&gt;
<item  id="100" filename="../saxpy.cpp" linenumber="32" name="sext_ln32_3" contextFuncName="saxpy" contextNormFuncName="saxpy" moduleName="Block_.split1_proc" rtlName="sext_ln32_3_fu_797_p1" latency="0" BRAM="-1" DSP="-1" FF="-1" LUT="-1" fileDirectory="C:\Users\JEONWOONGBAE\AppData\Roaming\Xilinx\Vitis"&gt;&lt;\/item&gt;
<item  id="104" filename="../saxpy.cpp" linenumber="32" name="ybuf_3" contextFuncName="saxpy" contextNormFuncName="saxpy" moduleName="Block_.split1_proc" rtlName="ybuf_3_fu_1009_p1" latency="0" BRAM="-1" DSP="-1" FF="-1" LUT="-1" fileDirectory="C:\Users\JEONWOONGBAE\AppData\Roaming\Xilinx\Vitis"&gt;&lt;\/item&gt;
<item  id="105" filename="../saxpy.cpp" linenumber="32" name="add_ln32_3" contextFuncName="saxpy" contextNormFuncName="saxpy" moduleName="Block_.split1_proc" rtlName="add_ln32_3_fu_807_p2" latency="0" BRAM="-1" DSP="-1" FF="0" LUT="71" fileDirectory="C:\Users\JEONWOONGBAE\AppData\Roaming\Xilinx\Vitis"&gt;&lt;\/item&gt;
<item  id="106" filename="../saxpy.cpp" linenumber="32" name="trunc_ln32_4" contextFuncName="saxpy" contextNormFuncName="saxpy" moduleName="Block_.split1_proc" rtlName="trunc_ln32_4_fu_812_p4" latency="0" BRAM="-1" DSP="-1" FF="-1" LUT="-1" fileDirectory="C:\Users\JEONWOONGBAE\AppData\Roaming\Xilinx\Vitis"&gt;&lt;\/item&gt;
<item  id="107" filename="../saxpy.cpp" linenumber="32" name="sext_ln32_4" contextFuncName="saxpy" contextNormFuncName="saxpy" moduleName="Block_.split1_proc" rtlName="sext_ln32_4_fu_822_p1" latency="0" BRAM="-1" DSP="-1" FF="-1" LUT="-1" fileDirectory="C:\Users\JEONWOONGBAE\AppData\Roaming\Xilinx\Vitis"&gt;&lt;\/item&gt;
<item  id="111" filename="../saxpy.cpp" linenumber="32" name="ybuf_4" contextFuncName="saxpy" contextNormFuncName="saxpy" moduleName="Block_.split1_proc" rtlName="ybuf_4_fu_1013_p1" latency="0" BRAM="-1" DSP="-1" FF="-1" LUT="-1" fileDirectory="C:\Users\JEONWOONGBAE\AppData\Roaming\Xilinx\Vitis"&gt;&lt;\/item&gt;
<item  id="112" filename="../saxpy.cpp" linenumber="32" name="add_ln32_4" contextFuncName="saxpy" contextNormFuncName="saxpy" moduleName="Block_.split1_proc" rtlName="add_ln32_4_fu_832_p2" latency="0" BRAM="-1" DSP="-1" FF="0" LUT="71" fileDirectory="C:\Users\JEONWOONGBAE\AppData\Roaming\Xilinx\Vitis"&gt;&lt;\/item&gt;
<item  id="113" filename="../saxpy.cpp" linenumber="32" name="trunc_ln32_5" contextFuncName="saxpy" contextNormFuncName="saxpy" moduleName="Block_.split1_proc" rtlName="trunc_ln32_5_fu_837_p4" latency="0" BRAM="-1" DSP="-1" FF="-1" LUT="-1" fileDirectory="C:\Users\JEONWOONGBAE\AppData\Roaming\Xilinx\Vitis"&gt;&lt;\/item&gt;
<item  id="114" filename="../saxpy.cpp" linenumber="32" name="sext_ln32_5" contextFuncName="saxpy" contextNormFuncName="saxpy" moduleName="Block_.split1_proc" rtlName="sext_ln32_5_fu_847_p1" latency="0" BRAM="-1" DSP="-1" FF="-1" LUT="-1" fileDirectory="C:\Users\JEONWOONGBAE\AppData\Roaming\Xilinx\Vitis"&gt;&lt;\/item&gt;
<item  id="118" filename="../saxpy.cpp" linenumber="32" name="ybuf_5" contextFuncName="saxpy" contextNormFuncName="saxpy" moduleName="Block_.split1_proc" rtlName="ybuf_5_fu_1017_p1" latency="0" BRAM="-1" DSP="-1" FF="-1" LUT="-1" fileDirectory="C:\Users\JEONWOONGBAE\AppData\Roaming\Xilinx\Vitis"&gt;&lt;\/item&gt;
<item  id="119" filename="../saxpy.cpp" linenumber="32" name="add_ln32_5" contextFuncName="saxpy" contextNormFuncName="saxpy" moduleName="Block_.split1_proc" rtlName="add_ln32_5_fu_861_p2" latency="0" BRAM="-1" DSP="-1" FF="0" LUT="71" fileDirectory="C:\Users\JEONWOONGBAE\AppData\Roaming\Xilinx\Vitis"&gt;&lt;\/item&gt;
<item  id="120" filename="../saxpy.cpp" linenumber="32" name="trunc_ln32_6" contextFuncName="saxpy" contextNormFuncName="saxpy" moduleName="Block_.split1_proc" rtlName="trunc_ln32_6_fu_866_p4" latency="0" BRAM="-1" DSP="-1" FF="-1" LUT="-1" fileDirectory="C:\Users\JEONWOONGBAE\AppData\Roaming\Xilinx\Vitis"&gt;&lt;\/item&gt;
<item  id="121" filename="../saxpy.cpp" linenumber="32" name="sext_ln32_6" contextFuncName="saxpy" contextNormFuncName="saxpy" moduleName="Block_.split1_proc" rtlName="sext_ln32_6_fu_876_p1" latency="0" BRAM="-1" DSP="-1" FF="-1" LUT="-1" fileDirectory="C:\Users\JEONWOONGBAE\AppData\Roaming\Xilinx\Vitis"&gt;&lt;\/item&gt;
<item  id="125" filename="../saxpy.cpp" linenumber="32" name="ybuf_6" contextFuncName="saxpy" contextNormFuncName="saxpy" moduleName="Block_.split1_proc" rtlName="ybuf_6_fu_1021_p1" latency="0" BRAM="-1" DSP="-1" FF="-1" LUT="-1" fileDirectory="C:\Users\JEONWOONGBAE\AppData\Roaming\Xilinx\Vitis"&gt;&lt;\/item&gt;
<item  id="126" filename="../saxpy.cpp" linenumber="32" name="add_ln32_6" contextFuncName="saxpy" contextNormFuncName="saxpy" moduleName="Block_.split1_proc" rtlName="add_ln32_6_fu_890_p2" latency="0" BRAM="-1" DSP="-1" FF="0" LUT="71" fileDirectory="C:\Users\JEONWOONGBAE\AppData\Roaming\Xilinx\Vitis"&gt;&lt;\/item&gt;
<item  id="127" filename="../saxpy.cpp" linenumber="32" name="trunc_ln32_7" contextFuncName="saxpy" contextNormFuncName="saxpy" moduleName="Block_.split1_proc" rtlName="trunc_ln32_7_fu_895_p4" latency="0" BRAM="-1" DSP="-1" FF="-1" LUT="-1" fileDirectory="C:\Users\JEONWOONGBAE\AppData\Roaming\Xilinx\Vitis"&gt;&lt;\/item&gt;
<item  id="128" filename="../saxpy.cpp" linenumber="32" name="sext_ln32_7" contextFuncName="saxpy" contextNormFuncName="saxpy" moduleName="Block_.split1_proc" rtlName="sext_ln32_7_fu_905_p1" latency="0" BRAM="-1" DSP="-1" FF="-1" LUT="-1" fileDirectory="C:\Users\JEONWOONGBAE\AppData\Roaming\Xilinx\Vitis"&gt;&lt;\/item&gt;
<item  id="132" filename="../saxpy.cpp" linenumber="32" name="ybuf_7" contextFuncName="saxpy" contextNormFuncName="saxpy" moduleName="Block_.split1_proc" rtlName="ybuf_7_fu_1030_p1" latency="0" BRAM="-1" DSP="-1" FF="-1" LUT="-1" fileDirectory="C:\Users\JEONWOONGBAE\AppData\Roaming\Xilinx\Vitis"&gt;&lt;\/item&gt;
<item  id="133" filename="../saxpy.cpp" linenumber="32" name="add_ln32_7" contextFuncName="saxpy" contextNormFuncName="saxpy" moduleName="Block_.split1_proc" rtlName="add_ln32_7_fu_947_p2" latency="0" BRAM="-1" DSP="-1" FF="0" LUT="71" fileDirectory="C:\Users\JEONWOONGBAE\AppData\Roaming\Xilinx\Vitis"&gt;&lt;\/item&gt;
<item  id="134" filename="../saxpy.cpp" linenumber="32" name="trunc_ln32_8" contextFuncName="saxpy" contextNormFuncName="saxpy" moduleName="Block_.split1_proc" rtlName="trunc_ln32_8_fu_952_p4" latency="0" BRAM="-1" DSP="-1" FF="-1" LUT="-1" fileDirectory="C:\Users\JEONWOONGBAE\AppData\Roaming\Xilinx\Vitis"&gt;&lt;\/item&gt;
<item  id="135" filename="../saxpy.cpp" linenumber="32" name="sext_ln32_8" contextFuncName="saxpy" contextNormFuncName="saxpy" moduleName="Block_.split1_proc" rtlName="sext_ln32_8_fu_962_p1" latency="0" BRAM="-1" DSP="-1" FF="-1" LUT="-1" fileDirectory="C:\Users\JEONWOONGBAE\AppData\Roaming\Xilinx\Vitis"&gt;&lt;\/item&gt;
<item  id="139" filename="../saxpy.cpp" linenumber="32" name="ybuf_8" contextFuncName="saxpy" contextNormFuncName="saxpy" moduleName="Block_.split1_proc" rtlName="ybuf_8_fu_1039_p1" latency="0" BRAM="-1" DSP="-1" FF="-1" LUT="-1" fileDirectory="C:\Users\JEONWOONGBAE\AppData\Roaming\Xilinx\Vitis"&gt;&lt;\/item&gt;
<item  id="140" filename="../saxpy.cpp" linenumber="32" name="add_ln32_8" contextFuncName="saxpy" contextNormFuncName="saxpy" moduleName="Block_.split1_proc" rtlName="add_ln32_8_fu_972_p2" latency="0" BRAM="-1" DSP="-1" FF="0" LUT="71" fileDirectory="C:\Users\JEONWOONGBAE\AppData\Roaming\Xilinx\Vitis"&gt;&lt;\/item&gt;
<item  id="141" filename="../saxpy.cpp" linenumber="32" name="trunc_ln32_9" contextFuncName="saxpy" contextNormFuncName="saxpy" moduleName="Block_.split1_proc" rtlName="trunc_ln32_9_fu_977_p4" latency="0" BRAM="-1" DSP="-1" FF="-1" LUT="-1" fileDirectory="C:\Users\JEONWOONGBAE\AppData\Roaming\Xilinx\Vitis"&gt;&lt;\/item&gt;
<item  id="142" filename="../saxpy.cpp" linenumber="32" name="sext_ln32_9" contextFuncName="saxpy" contextNormFuncName="saxpy" moduleName="Block_.split1_proc" rtlName="sext_ln32_9_fu_987_p1" latency="0" BRAM="-1" DSP="-1" FF="-1" LUT="-1" fileDirectory="C:\Users\JEONWOONGBAE\AppData\Roaming\Xilinx\Vitis"&gt;&lt;\/item&gt;
<item  id="146" filename="../saxpy.cpp" linenumber="32" name="ybuf_9" contextFuncName="saxpy" contextNormFuncName="saxpy" moduleName="Block_.split1_proc" rtlName="ybuf_9_fu_1048_p1" latency="0" BRAM="-1" DSP="-1" FF="-1" LUT="-1" fileDirectory="C:\Users\JEONWOONGBAE\AppData\Roaming\Xilinx\Vitis"&gt;&lt;\/item&gt;
<item  id="147" filename="../saxpy.cpp" linenumber="37" name="buf_10" contextFuncName="saxpy" contextNormFuncName="saxpy" moduleName="Block_.split1_proc" rtlName="fmul_32ns_32ns_32_4_max_dsp_1_U2" latency="3" BRAM="-1" DSP="-1" FF="-1" LUT="-1" fileDirectory="C:\Users\JEONWOONGBAE\AppData\Roaming\Xilinx\Vitis"&gt;&lt;\/item&gt;
<item  id="148" filename="../saxpy.cpp" linenumber="42" name="ybuf_19" contextFuncName="saxpy" contextNormFuncName="saxpy" moduleName="Block_.split1_proc" rtlName="fadd_32ns_32ns_32_5_full_dsp_1_U1" latency="4" BRAM="-1" DSP="-1" FF="-1" LUT="-1" fileDirectory="C:\Users\JEONWOONGBAE\AppData\Roaming\Xilinx\Vitis"&gt;&lt;\/item&gt;
<item  id="149" filename="../saxpy.cpp" linenumber="47" name="bitcast_ln47" contextFuncName="saxpy" contextNormFuncName="saxpy" moduleName="Block_.split1_proc" rtlName="bitcast_ln47_fu_1025_p1" latency="0" BRAM="-1" DSP="-1" FF="-1" LUT="-1" fileDirectory="C:\Users\JEONWOONGBAE\AppData\Roaming\Xilinx\Vitis"&gt;&lt;\/item&gt;
<item  id="150" filename="../saxpy.cpp" linenumber="37" name="buf_11" contextFuncName="saxpy" contextNormFuncName="saxpy" moduleName="Block_.split1_proc" rtlName="fmul_32ns_32ns_32_4_max_dsp_1_U2" latency="3" BRAM="-1" DSP="-1" FF="-1" LUT="-1" fileDirectory="C:\Users\JEONWOONGBAE\AppData\Roaming\Xilinx\Vitis"&gt;&lt;\/item&gt;
<item  id="151" filename="../saxpy.cpp" linenumber="42" name="ybuf_10" contextFuncName="saxpy" contextNormFuncName="saxpy" moduleName="Block_.split1_proc" rtlName="fadd_32ns_32ns_32_5_full_dsp_1_U1" latency="4" BRAM="-1" DSP="-1" FF="-1" LUT="-1" fileDirectory="C:\Users\JEONWOONGBAE\AppData\Roaming\Xilinx\Vitis"&gt;&lt;\/item&gt;
<item  id="152" filename="../saxpy.cpp" linenumber="47" name="bitcast_ln47_1" contextFuncName="saxpy" contextNormFuncName="saxpy" moduleName="Block_.split1_proc" rtlName="bitcast_ln47_1_fu_1034_p1" latency="0" BRAM="-1" DSP="-1" FF="-1" LUT="-1" fileDirectory="C:\Users\JEONWOONGBAE\AppData\Roaming\Xilinx\Vitis"&gt;&lt;\/item&gt;
<item  id="153" filename="../saxpy.cpp" linenumber="37" name="buf_12" contextFuncName="saxpy" contextNormFuncName="saxpy" moduleName="Block_.split1_proc" rtlName="fmul_32ns_32ns_32_4_max_dsp_1_U2" latency="3" BRAM="-1" DSP="-1" FF="-1" LUT="-1" fileDirectory="C:\Users\JEONWOONGBAE\AppData\Roaming\Xilinx\Vitis"&gt;&lt;\/item&gt;
<item  id="154" filename="../saxpy.cpp" linenumber="42" name="ybuf_11" contextFuncName="saxpy" contextNormFuncName="saxpy" moduleName="Block_.split1_proc" rtlName="fadd_32ns_32ns_32_5_full_dsp_1_U1" latency="4" BRAM="-1" DSP="-1" FF="-1" LUT="-1" fileDirectory="C:\Users\JEONWOONGBAE\AppData\Roaming\Xilinx\Vitis"&gt;&lt;\/item&gt;
<item  id="155" filename="../saxpy.cpp" linenumber="47" name="bitcast_ln47_2" contextFuncName="saxpy" contextNormFuncName="saxpy" moduleName="Block_.split1_proc" rtlName="bitcast_ln47_2_fu_1043_p1" latency="0" BRAM="-1" DSP="-1" FF="-1" LUT="-1" fileDirectory="C:\Users\JEONWOONGBAE\AppData\Roaming\Xilinx\Vitis"&gt;&lt;\/item&gt;
<item  id="156" filename="../saxpy.cpp" linenumber="37" name="buf_13" contextFuncName="saxpy" contextNormFuncName="saxpy" moduleName="Block_.split1_proc" rtlName="fmul_32ns_32ns_32_4_max_dsp_1_U3" latency="3" BRAM="-1" DSP="-1" FF="-1" LUT="-1" fileDirectory="C:\Users\JEONWOONGBAE\AppData\Roaming\Xilinx\Vitis"&gt;&lt;\/item&gt;
<item  id="157" filename="../saxpy.cpp" linenumber="42" name="ybuf_12" contextFuncName="saxpy" contextNormFuncName="saxpy" moduleName="Block_.split1_proc" rtlName="fadd_32ns_32ns_32_5_full_dsp_1_U1" latency="4" BRAM="-1" DSP="-1" FF="-1" LUT="-1" fileDirectory="C:\Users\JEONWOONGBAE\AppData\Roaming\Xilinx\Vitis"&gt;&lt;\/item&gt;
<item  id="158" filename="../saxpy.cpp" linenumber="47" name="bitcast_ln47_3" contextFuncName="saxpy" contextNormFuncName="saxpy" moduleName="Block_.split1_proc" rtlName="bitcast_ln47_3_fu_1052_p1" latency="0" BRAM="-1" DSP="-1" FF="-1" LUT="-1" fileDirectory="C:\Users\JEONWOONGBAE\AppData\Roaming\Xilinx\Vitis"&gt;&lt;\/item&gt;
<item  id="159" filename="../saxpy.cpp" linenumber="37" name="buf_14" contextFuncName="saxpy" contextNormFuncName="saxpy" moduleName="Block_.split1_proc" rtlName="fmul_32ns_32ns_32_4_max_dsp_1_U4" latency="3" BRAM="-1" DSP="-1" FF="-1" LUT="-1" fileDirectory="C:\Users\JEONWOONGBAE\AppData\Roaming\Xilinx\Vitis"&gt;&lt;\/item&gt;
<item  id="160" filename="../saxpy.cpp" linenumber="42" name="ybuf_13" contextFuncName="saxpy" contextNormFuncName="saxpy" moduleName="Block_.split1_proc" rtlName="fadd_32ns_32ns_32_5_full_dsp_1_U1" latency="4" BRAM="-1" DSP="-1" FF="-1" LUT="-1" fileDirectory="C:\Users\JEONWOONGBAE\AppData\Roaming\Xilinx\Vitis"&gt;&lt;\/item&gt;
<item  id="161" filename="../saxpy.cpp" linenumber="47" name="bitcast_ln47_4" contextFuncName="saxpy" contextNormFuncName="saxpy" moduleName="Block_.split1_proc" rtlName="bitcast_ln47_4_fu_1057_p1" latency="0" BRAM="-1" DSP="-1" FF="-1" LUT="-1" fileDirectory="C:\Users\JEONWOONGBAE\AppData\Roaming\Xilinx\Vitis"&gt;&lt;\/item&gt;
<item  id="162" filename="../saxpy.cpp" linenumber="37" name="buf_15" contextFuncName="saxpy" contextNormFuncName="saxpy" moduleName="Block_.split1_proc" rtlName="fmul_32ns_32ns_32_4_max_dsp_1_U5" latency="3" BRAM="-1" DSP="-1" FF="-1" LUT="-1" fileDirectory="C:\Users\JEONWOONGBAE\AppData\Roaming\Xilinx\Vitis"&gt;&lt;\/item&gt;
<item  id="163" filename="../saxpy.cpp" linenumber="42" name="ybuf_14" contextFuncName="saxpy" contextNormFuncName="saxpy" moduleName="Block_.split1_proc" rtlName="fadd_32ns_32ns_32_5_full_dsp_1_U1" latency="4" BRAM="-1" DSP="-1" FF="-1" LUT="-1" fileDirectory="C:\Users\JEONWOONGBAE\AppData\Roaming\Xilinx\Vitis"&gt;&lt;\/item&gt;
<item  id="164" filename="../saxpy.cpp" linenumber="47" name="bitcast_ln47_5" contextFuncName="saxpy" contextNormFuncName="saxpy" moduleName="Block_.split1_proc" rtlName="bitcast_ln47_5_fu_1062_p1" latency="0" BRAM="-1" DSP="-1" FF="-1" LUT="-1" fileDirectory="C:\Users\JEONWOONGBAE\AppData\Roaming\Xilinx\Vitis"&gt;&lt;\/item&gt;
<item  id="165" filename="../saxpy.cpp" linenumber="37" name="buf_16" contextFuncName="saxpy" contextNormFuncName="saxpy" moduleName="Block_.split1_proc" rtlName="fmul_32ns_32ns_32_4_max_dsp_1_U6" latency="3" BRAM="-1" DSP="-1" FF="-1" LUT="-1" fileDirectory="C:\Users\JEONWOONGBAE\AppData\Roaming\Xilinx\Vitis"&gt;&lt;\/item&gt;
<item  id="166" filename="../saxpy.cpp" linenumber="42" name="ybuf_15" contextFuncName="saxpy" contextNormFuncName="saxpy" moduleName="Block_.split1_proc" rtlName="fadd_32ns_32ns_32_5_full_dsp_1_U1" latency="4" BRAM="-1" DSP="-1" FF="-1" LUT="-1" fileDirectory="C:\Users\JEONWOONGBAE\AppData\Roaming\Xilinx\Vitis"&gt;&lt;\/item&gt;
<item  id="167" filename="../saxpy.cpp" linenumber="47" name="bitcast_ln47_6" contextFuncName="saxpy" contextNormFuncName="saxpy" moduleName="Block_.split1_proc" rtlName="bitcast_ln47_6_fu_1067_p1" latency="0" BRAM="-1" DSP="-1" FF="-1" LUT="-1" fileDirectory="C:\Users\JEONWOONGBAE\AppData\Roaming\Xilinx\Vitis"&gt;&lt;\/item&gt;
<item  id="168" filename="../saxpy.cpp" linenumber="37" name="buf_17" contextFuncName="saxpy" contextNormFuncName="saxpy" moduleName="Block_.split1_proc" rtlName="fmul_32ns_32ns_32_4_max_dsp_1_U7" latency="3" BRAM="-1" DSP="-1" FF="-1" LUT="-1" fileDirectory="C:\Users\JEONWOONGBAE\AppData\Roaming\Xilinx\Vitis"&gt;&lt;\/item&gt;
<item  id="169" filename="../saxpy.cpp" linenumber="42" name="ybuf_16" contextFuncName="saxpy" contextNormFuncName="saxpy" moduleName="Block_.split1_proc" rtlName="fadd_32ns_32ns_32_5_full_dsp_1_U1" latency="4" BRAM="-1" DSP="-1" FF="-1" LUT="-1" fileDirectory="C:\Users\JEONWOONGBAE\AppData\Roaming\Xilinx\Vitis"&gt;&lt;\/item&gt;
<item  id="170" filename="../saxpy.cpp" linenumber="47" name="bitcast_ln47_7" contextFuncName="saxpy" contextNormFuncName="saxpy" moduleName="Block_.split1_proc" rtlName="bitcast_ln47_7_fu_1072_p1" latency="0" BRAM="-1" DSP="-1" FF="-1" LUT="-1" fileDirectory="C:\Users\JEONWOONGBAE\AppData\Roaming\Xilinx\Vitis"&gt;&lt;\/item&gt;
<item  id="171" filename="../saxpy.cpp" linenumber="37" name="buf_18" contextFuncName="saxpy" contextNormFuncName="saxpy" moduleName="Block_.split1_proc" rtlName="fmul_32ns_32ns_32_4_max_dsp_1_U8" latency="3" BRAM="-1" DSP="-1" FF="-1" LUT="-1" fileDirectory="C:\Users\JEONWOONGBAE\AppData\Roaming\Xilinx\Vitis"&gt;&lt;\/item&gt;
<item  id="172" filename="../saxpy.cpp" linenumber="42" name="ybuf_17" contextFuncName="saxpy" contextNormFuncName="saxpy" moduleName="Block_.split1_proc" rtlName="fadd_32ns_32ns_32_5_full_dsp_1_U1" latency="4" BRAM="-1" DSP="-1" FF="-1" LUT="-1" fileDirectory="C:\Users\JEONWOONGBAE\AppData\Roaming\Xilinx\Vitis"&gt;&lt;\/item&gt;
<item  id="173" filename="../saxpy.cpp" linenumber="47" name="bitcast_ln47_8" contextFuncName="saxpy" contextNormFuncName="saxpy" moduleName="Block_.split1_proc" rtlName="bitcast_ln47_8_fu_1077_p1" latency="0" BRAM="-1" DSP="-1" FF="-1" LUT="-1" fileDirectory="C:\Users\JEONWOONGBAE\AppData\Roaming\Xilinx\Vitis"&gt;&lt;\/item&gt;
<item  id="174" filename="../saxpy.cpp" linenumber="37" name="buf_19" contextFuncName="saxpy" contextNormFuncName="saxpy" moduleName="Block_.split1_proc" rtlName="fmul_32ns_32ns_32_4_max_dsp_1_U9" latency="3" BRAM="-1" DSP="-1" FF="-1" LUT="-1" fileDirectory="C:\Users\JEONWOONGBAE\AppData\Roaming\Xilinx\Vitis"&gt;&lt;\/item&gt;
<item  id="175" filename="../saxpy.cpp" linenumber="42" name="ybuf_18" contextFuncName="saxpy" contextNormFuncName="saxpy" moduleName="Block_.split1_proc" rtlName="fadd_32ns_32ns_32_5_full_dsp_1_U1" latency="4" BRAM="-1" DSP="-1" FF="-1" LUT="-1" fileDirectory="C:\Users\JEONWOONGBAE\AppData\Roaming\Xilinx\Vitis"&gt;&lt;\/item&gt;
<item  id="176" filename="../saxpy.cpp" linenumber="47" name="bitcast_ln47_9" contextFuncName="saxpy" contextNormFuncName="saxpy" moduleName="Block_.split1_proc" rtlName="bitcast_ln47_9_fu_1082_p1" latency="0" BRAM="-1" DSP="-1" FF="-1" LUT="-1" fileDirectory="C:\Users\JEONWOONGBAE\AppData\Roaming\Xilinx\Vitis"&gt;&lt;\/item&gt;
&lt;\/annotationInfo&gt;
<annotationInfo>
<item  id="20" filename="../saxpy.cpp" linenumber="4" name="_ln4" contextFuncName="saxpy" contextNormFuncName="saxpy" moduleName="saxpy" rtlName="Block_split1_proc_U0" latency="1" BRAM="-1" DSP="-1" FF="-1" LUT="-1" fileDirectory="C:\Users\JEONWOONGBAE\AppData\Roaming\Xilinx\Vitis"><\/item>
<\/annotationInfo>
</annotationInfo>
