<stg><name>saxpy</name>


<trans_list>

<trans id="22" from="1" to="2">
<condition id="-1">
<or_exp><and_exp></and_exp></or_exp>
</condition>
</trans>

<trans id="23" from="2" to="3">
<condition id="-1">
<or_exp><and_exp></and_exp></or_exp>
</condition>
</trans>
</trans_list>



<state_list>

<state id="1" st_id="1">

<operation id="4" st_id="1" stage="1" lat="1">
<core>s_axilite</core>
<MemPortIdVec></MemPortIdVec>
<condition id="-1">
<or_exp><and_exp></and_exp></or_exp>
</condition>

<Node id="17" bw="32" op_0_bw="32" op_1_bw="32">
<![CDATA[
.split:12 %a_read = read i32 @_ssdm_op_Read.s_axilite.float, i32 %a

]]></Node>
<StgValue><ssdm name="a_read"/></StgValue>
</operation>

<operation id="5" st_id="1" stage="1" lat="1">
<core>s_axilite</core>
<MemPortIdVec></MemPortIdVec>
<condition id="-1">
<or_exp><and_exp></and_exp></or_exp>
</condition>

<Node id="18" bw="64" op_0_bw="64" op_1_bw="64">
<![CDATA[
.split:13 %y_read = read i64 @_ssdm_op_Read.s_axilite.i64, i64 %y

]]></Node>
<StgValue><ssdm name="y_read"/></StgValue>
</operation>

<operation id="6" st_id="1" stage="1" lat="1">
<core>s_axilite</core>
<MemPortIdVec></MemPortIdVec>
<condition id="-1">
<or_exp><and_exp></and_exp></or_exp>
</condition>

<Node id="19" bw="64" op_0_bw="64" op_1_bw="64">
<![CDATA[
.split:14 %x_read = read i64 @_ssdm_op_Read.s_axilite.i64, i64 %x

]]></Node>
<StgValue><ssdm name="x_read"/></StgValue>
</operation>
</state>

<state id="2" st_id="2">

<operation id="7" st_id="2" stage="2" lat="2">
<core></core>
<MemPortIdVec></MemPortIdVec>
<condition id="-1">
<or_exp><and_exp></and_exp></or_exp>
</condition>

<Node id="20" bw="0" op_0_bw="0" op_1_bw="64" op_2_bw="32" op_3_bw="64" op_4_bw="32">
<![CDATA[
.split:15 %call_ln4 = call void @Block_.split1_proc, i64 %x_read, i32 %gmem, i64 %y_read, i32 %a_read

]]></Node>
<StgValue><ssdm name="call_ln4"/></StgValue>
</operation>
</state>

<state id="3" st_id="3">

<operation id="8" st_id="3" stage="1" lat="1">
<core>NULL</core>
<MemPortIdVec></MemPortIdVec>
<condition id="-1">
<or_exp><and_exp></and_exp></or_exp>
</condition>

<Node id="5" bw="0" op_0_bw="0" op_1_bw="32" op_2_bw="32" op_3_bw="0">
<![CDATA[
.split:0 %specdataflowpipeline_ln0 = specdataflowpipeline void @_ssdm_op_SpecDataflowPipeline, i32, i32, void @empty_0

]]></Node>
<StgValue><ssdm name="specdataflowpipeline_ln0"/></StgValue>
</operation>

<operation id="9" st_id="3" stage="1" lat="1">
<core>NULL</core>
<MemPortIdVec></MemPortIdVec>
<condition id="-1">
<or_exp><and_exp></and_exp></or_exp>
</condition>

<Node id="6" bw="0" op_0_bw="0" op_1_bw="0">
<![CDATA[
.split:1 %spectopmodule_ln0 = spectopmodule void @_ssdm_op_SpecTopModule, void @empty_8

]]></Node>
<StgValue><ssdm name="spectopmodule_ln0"/></StgValue>
</operation>

<operation id="10" st_id="3" stage="1" lat="1">
<core>NULL</core>
<MemPortIdVec></MemPortIdVec>
<condition id="-1">
<or_exp><and_exp></and_exp></or_exp>
</condition>

<Node id="7" bw="0" op_0_bw="0" op_1_bw="32" op_2_bw="0" op_3_bw="32" op_4_bw="32" op_5_bw="0" op_6_bw="32" op_7_bw="32" op_8_bw="0" op_9_bw="0" op_10_bw="0" op_11_bw="32" op_12_bw="32" op_13_bw="32" op_14_bw="32" op_15_bw="0" op_16_bw="0">
<![CDATA[
.split:2 %specinterface_ln0 = specinterface void @_ssdm_op_SpecInterface, i32 %gmem, void @empty, i32, i32, void @empty_0, i32, i32, void @empty_0, void @empty_0, void @empty_0, i32, i32, i32, i32, void @empty_0, void @empty_0

]]></Node>
<StgValue><ssdm name="specinterface_ln0"/></StgValue>
</operation>

<operation id="11" st_id="3" stage="1" lat="1">
<core>NULL</core>
<MemPortIdVec></MemPortIdVec>
<condition id="-1">
<or_exp><and_exp></and_exp></or_exp>
</condition>

<Node id="8" bw="0" op_0_bw="0" op_1_bw="32">
<![CDATA[
.split:3 %specbitsmap_ln0 = specbitsmap void @_ssdm_op_SpecBitsMap, i32 %gmem

]]></Node>
<StgValue><ssdm name="specbitsmap_ln0"/></StgValue>
</operation>

<operation id="12" st_id="3" stage="1" lat="1">
<core>NULL</core>
<MemPortIdVec></MemPortIdVec>
<condition id="-1">
<or_exp><and_exp></and_exp></or_exp>
</condition>

<Node id="9" bw="0" op_0_bw="0" op_1_bw="64" op_2_bw="0" op_3_bw="32" op_4_bw="32" op_5_bw="0" op_6_bw="32" op_7_bw="32" op_8_bw="0" op_9_bw="0" op_10_bw="0" op_11_bw="32" op_12_bw="32" op_13_bw="32" op_14_bw="32" op_15_bw="0" op_16_bw="0">
<![CDATA[
.split:4 %specinterface_ln0 = specinterface void @_ssdm_op_SpecInterface, i64 %x, void @empty_1, i32, i32, void @empty_0, i32, i32, void @empty_2, void @empty_3, void @empty_0, i32, i32, i32, i32, void @empty_0, void @empty_4

]]></Node>
<StgValue><ssdm name="specinterface_ln0"/></StgValue>
</operation>

<operation id="13" st_id="3" stage="1" lat="1">
<core>NULL</core>
<MemPortIdVec></MemPortIdVec>
<condition id="-1">
<or_exp><and_exp></and_exp></or_exp>
</condition>

<Node id="10" bw="0" op_0_bw="0" op_1_bw="64" op_2_bw="0" op_3_bw="32" op_4_bw="32" op_5_bw="0" op_6_bw="32" op_7_bw="32" op_8_bw="0" op_9_bw="0" op_10_bw="0" op_11_bw="32" op_12_bw="32" op_13_bw="32" op_14_bw="32" op_15_bw="0" op_16_bw="0">
<![CDATA[
.split:5 %specinterface_ln0 = specinterface void @_ssdm_op_SpecInterface, i64 %x, void @empty_5, i32, i32, void @empty_0, i32, i32, void @empty_0, void @empty_0, void @empty_0, i32, i32, i32, i32, void @empty_0, void @empty_4

]]></Node>
<StgValue><ssdm name="specinterface_ln0"/></StgValue>
</operation>

<operation id="14" st_id="3" stage="1" lat="1">
<core>NULL</core>
<MemPortIdVec></MemPortIdVec>
<condition id="-1">
<or_exp><and_exp></and_exp></or_exp>
</condition>

<Node id="11" bw="0" op_0_bw="0" op_1_bw="64" op_2_bw="0" op_3_bw="32" op_4_bw="32" op_5_bw="0" op_6_bw="32" op_7_bw="32" op_8_bw="0" op_9_bw="0" op_10_bw="0" op_11_bw="32" op_12_bw="32" op_13_bw="32" op_14_bw="32" op_15_bw="0" op_16_bw="0">
<![CDATA[
.split:6 %specinterface_ln0 = specinterface void @_ssdm_op_SpecInterface, i64 %y, void @empty_1, i32, i32, void @empty_0, i32, i32, void @empty_2, void @empty_6, void @empty_0, i32, i32, i32, i32, void @empty_0, void @empty_4

]]></Node>
<StgValue><ssdm name="specinterface_ln0"/></StgValue>
</operation>

<operation id="15" st_id="3" stage="1" lat="1">
<core>NULL</core>
<MemPortIdVec></MemPortIdVec>
<condition id="-1">
<or_exp><and_exp></and_exp></or_exp>
</condition>

<Node id="12" bw="0" op_0_bw="0" op_1_bw="64" op_2_bw="0" op_3_bw="32" op_4_bw="32" op_5_bw="0" op_6_bw="32" op_7_bw="32" op_8_bw="0" op_9_bw="0" op_10_bw="0" op_11_bw="32" op_12_bw="32" op_13_bw="32" op_14_bw="32" op_15_bw="0" op_16_bw="0">
<![CDATA[
.split:7 %specinterface_ln0 = specinterface void @_ssdm_op_SpecInterface, i64 %y, void @empty_5, i32, i32, void @empty_0, i32, i32, void @empty_0, void @empty_0, void @empty_0, i32, i32, i32, i32, void @empty_0, void @empty_4

]]></Node>
<StgValue><ssdm name="specinterface_ln0"/></StgValue>
</operation>

<operation id="16" st_id="3" stage="1" lat="1">
<core>NULL</core>
<MemPortIdVec></MemPortIdVec>
<condition id="-1">
<or_exp><and_exp></and_exp></or_exp>
</condition>

<Node id="13" bw="0" op_0_bw="0" op_1_bw="32">
<![CDATA[
.split:8 %specbitsmap_ln0 = specbitsmap void @_ssdm_op_SpecBitsMap, i32 %a

]]></Node>
<StgValue><ssdm name="specbitsmap_ln0"/></StgValue>
</operation>

<operation id="17" st_id="3" stage="1" lat="1">
<core>NULL</core>
<MemPortIdVec></MemPortIdVec>
<condition id="-1">
<or_exp><and_exp></and_exp></or_exp>
</condition>

<Node id="14" bw="0" op_0_bw="0" op_1_bw="32" op_2_bw="0" op_3_bw="32" op_4_bw="32" op_5_bw="0" op_6_bw="32" op_7_bw="32" op_8_bw="0" op_9_bw="0" op_10_bw="0" op_11_bw="32" op_12_bw="32" op_13_bw="32" op_14_bw="32" op_15_bw="0" op_16_bw="0">
<![CDATA[
.split:9 %specinterface_ln0 = specinterface void @_ssdm_op_SpecInterface, i32 %a, void @empty_1, i32, i32, void @empty_0, i32, i32, void @empty_2, void @empty_7, void @empty_0, i32, i32, i32, i32, void @empty_0, void @empty_0

]]></Node>
<StgValue><ssdm name="specinterface_ln0"/></StgValue>
</operation>

<operation id="18" st_id="3" stage="1" lat="1">
<core>NULL</core>
<MemPortIdVec></MemPortIdVec>
<condition id="-1">
<or_exp><and_exp></and_exp></or_exp>
</condition>

<Node id="15" bw="0" op_0_bw="0" op_1_bw="32" op_2_bw="0" op_3_bw="32" op_4_bw="32" op_5_bw="0" op_6_bw="32" op_7_bw="32" op_8_bw="0" op_9_bw="0" op_10_bw="0" op_11_bw="32" op_12_bw="32" op_13_bw="32" op_14_bw="32" op_15_bw="0" op_16_bw="0">
<![CDATA[
.split:10 %specinterface_ln0 = specinterface void @_ssdm_op_SpecInterface, i32 %a, void @empty_5, i32, i32, void @empty_0, i32, i32, void @empty_0, void @empty_0, void @empty_0, i32, i32, i32, i32, void @empty_0, void @empty_0

]]></Node>
<StgValue><ssdm name="specinterface_ln0"/></StgValue>
</operation>

<operation id="19" st_id="3" stage="1" lat="1">
<core>NULL</core>
<MemPortIdVec></MemPortIdVec>
<condition id="-1">
<or_exp><and_exp></and_exp></or_exp>
</condition>

<Node id="16" bw="0" op_0_bw="0" op_1_bw="32" op_2_bw="0" op_3_bw="32" op_4_bw="32" op_5_bw="0" op_6_bw="32" op_7_bw="32" op_8_bw="0" op_9_bw="0" op_10_bw="0" op_11_bw="32" op_12_bw="32" op_13_bw="32" op_14_bw="32" op_15_bw="0" op_16_bw="0">
<![CDATA[
.split:11 %specinterface_ln0 = specinterface void @_ssdm_op_SpecInterface, i32, void @empty_1, i32, i32, void @empty_0, i32, i32, void @empty_2, void @empty_0, void @empty_0, i32, i32, i32, i32, void @empty_0, void @empty_0

]]></Node>
<StgValue><ssdm name="specinterface_ln0"/></StgValue>
</operation>

<operation id="20" st_id="3" stage="1" lat="2">
<core></core>
<MemPortIdVec></MemPortIdVec>
<condition id="-1">
<or_exp><and_exp></and_exp></or_exp>
</condition>

<Node id="20" bw="0" op_0_bw="0" op_1_bw="64" op_2_bw="32" op_3_bw="64" op_4_bw="32">
<![CDATA[
.split:15 %call_ln4 = call void @Block_.split1_proc, i64 %x_read, i32 %gmem, i64 %y_read, i32 %a_read

]]></Node>
<StgValue><ssdm name="call_ln4"/></StgValue>
</operation>

<operation id="21" st_id="3" stage="1" lat="1">
<core>NULL</core>
<MemPortIdVec></MemPortIdVec>
<condition id="-1">
<or_exp><and_exp></and_exp></or_exp>
</condition>

<Node id="21" bw="0">
<![CDATA[
.split:16 %ret_ln51 = ret

]]></Node>
<StgValue><ssdm name="ret_ln51"/></StgValue>
</operation>
</state>
</state_list>


<ports>
<port id="25" name="gmem" dir="2" iftype="4">
<core>NULL</core><StgValue><ssdm name="gmem"/></StgValue>
</port>
<port id="26" name="x" dir="0" iftype="0">
<core>NULL</core><StgValue><ssdm name="x"/></StgValue>
</port>
<port id="27" name="y" dir="0" iftype="0">
<core>NULL</core><StgValue><ssdm name="y"/></StgValue>
</port>
<port id="28" name="a" dir="0" iftype="0">
<core>NULL</core><StgValue><ssdm name="a"/></StgValue>
</port>
</ports>


<dataflows>
<dataflow id="30" from="_ssdm_op_Read.s_axilite.float" to="a_read" fromId="29" toId="4">
</dataflow>
<dataflow id="31" from="a" to="a_read" fromId="28" toId="4">
</dataflow>
<dataflow id="33" from="_ssdm_op_Read.s_axilite.i64" to="y_read" fromId="32" toId="5">
</dataflow>
<dataflow id="34" from="y" to="y_read" fromId="27" toId="5">
</dataflow>
<dataflow id="35" from="_ssdm_op_Read.s_axilite.i64" to="x_read" fromId="32" toId="6">
</dataflow>
<dataflow id="36" from="x" to="x_read" fromId="26" toId="6">
</dataflow>
<dataflow id="38" from="Block_.split1_proc" to="call_ln4" fromId="37" toId="7">
</dataflow>
<dataflow id="39" from="x_read" to="call_ln4" fromId="6" toId="7">
</dataflow>
<dataflow id="40" from="gmem" to="call_ln4" fromId="25" toId="7">
</dataflow>
<dataflow id="41" from="y_read" to="call_ln4" fromId="5" toId="7">
</dataflow>
<dataflow id="42" from="a_read" to="call_ln4" fromId="4" toId="7">
</dataflow>
<dataflow id="44" from="_ssdm_op_SpecDataflowPipeline" to="specdataflowpipeline_ln0" fromId="43" toId="8">
</dataflow>
<dataflow id="46" from="StgValue_45" to="specdataflowpipeline_ln0" fromId="45" toId="8">
</dataflow>
<dataflow id="48" from="StgValue_47" to="specdataflowpipeline_ln0" fromId="47" toId="8">
</dataflow>
<dataflow id="50" from="empty_0" to="specdataflowpipeline_ln0" fromId="49" toId="8">
</dataflow>
<dataflow id="52" from="_ssdm_op_SpecTopModule" to="spectopmodule_ln0" fromId="51" toId="9">
</dataflow>
<dataflow id="54" from="empty_8" to="spectopmodule_ln0" fromId="53" toId="9">
</dataflow>
<dataflow id="56" from="_ssdm_op_SpecInterface" to="specinterface_ln0" fromId="55" toId="10">
</dataflow>
<dataflow id="57" from="gmem" to="specinterface_ln0" fromId="25" toId="10">
</dataflow>
<dataflow id="59" from="empty" to="specinterface_ln0" fromId="58" toId="10">
</dataflow>
<dataflow id="60" from="StgValue_47" to="specinterface_ln0" fromId="47" toId="10">
</dataflow>
<dataflow id="61" from="StgValue_47" to="specinterface_ln0" fromId="47" toId="10">
</dataflow>
<dataflow id="62" from="empty_0" to="specinterface_ln0" fromId="49" toId="10">
</dataflow>
<dataflow id="63" from="StgValue_47" to="specinterface_ln0" fromId="47" toId="10">
</dataflow>
<dataflow id="64" from="StgValue_47" to="specinterface_ln0" fromId="47" toId="10">
</dataflow>
<dataflow id="65" from="empty_0" to="specinterface_ln0" fromId="49" toId="10">
</dataflow>
<dataflow id="66" from="empty_0" to="specinterface_ln0" fromId="49" toId="10">
</dataflow>
<dataflow id="67" from="empty_0" to="specinterface_ln0" fromId="49" toId="10">
</dataflow>
<dataflow id="69" from="StgValue_68" to="specinterface_ln0" fromId="68" toId="10">
</dataflow>
<dataflow id="70" from="StgValue_68" to="specinterface_ln0" fromId="68" toId="10">
</dataflow>
<dataflow id="71" from="StgValue_68" to="specinterface_ln0" fromId="68" toId="10">
</dataflow>
<dataflow id="72" from="StgValue_68" to="specinterface_ln0" fromId="68" toId="10">
</dataflow>
<dataflow id="73" from="empty_0" to="specinterface_ln0" fromId="49" toId="10">
</dataflow>
<dataflow id="74" from="empty_0" to="specinterface_ln0" fromId="49" toId="10">
</dataflow>
<dataflow id="76" from="_ssdm_op_SpecBitsMap" to="specbitsmap_ln0" fromId="75" toId="11">
</dataflow>
<dataflow id="77" from="gmem" to="specbitsmap_ln0" fromId="25" toId="11">
</dataflow>
<dataflow id="78" from="_ssdm_op_SpecInterface" to="specinterface_ln0" fromId="55" toId="12">
</dataflow>
<dataflow id="79" from="x" to="specinterface_ln0" fromId="26" toId="12">
</dataflow>
<dataflow id="81" from="empty_1" to="specinterface_ln0" fromId="80" toId="12">
</dataflow>
<dataflow id="82" from="StgValue_47" to="specinterface_ln0" fromId="47" toId="12">
</dataflow>
<dataflow id="83" from="StgValue_47" to="specinterface_ln0" fromId="47" toId="12">
</dataflow>
<dataflow id="84" from="empty_0" to="specinterface_ln0" fromId="49" toId="12">
</dataflow>
<dataflow id="85" from="StgValue_47" to="specinterface_ln0" fromId="47" toId="12">
</dataflow>
<dataflow id="86" from="StgValue_47" to="specinterface_ln0" fromId="47" toId="12">
</dataflow>
<dataflow id="88" from="empty_2" to="specinterface_ln0" fromId="87" toId="12">
</dataflow>
<dataflow id="90" from="empty_3" to="specinterface_ln0" fromId="89" toId="12">
</dataflow>
<dataflow id="91" from="empty_0" to="specinterface_ln0" fromId="49" toId="12">
</dataflow>
<dataflow id="92" from="StgValue_47" to="specinterface_ln0" fromId="47" toId="12">
</dataflow>
<dataflow id="93" from="StgValue_47" to="specinterface_ln0" fromId="47" toId="12">
</dataflow>
<dataflow id="94" from="StgValue_47" to="specinterface_ln0" fromId="47" toId="12">
</dataflow>
<dataflow id="95" from="StgValue_47" to="specinterface_ln0" fromId="47" toId="12">
</dataflow>
<dataflow id="96" from="empty_0" to="specinterface_ln0" fromId="49" toId="12">
</dataflow>
<dataflow id="98" from="empty_4" to="specinterface_ln0" fromId="97" toId="12">
</dataflow>
<dataflow id="99" from="_ssdm_op_SpecInterface" to="specinterface_ln0" fromId="55" toId="13">
</dataflow>
<dataflow id="100" from="x" to="specinterface_ln0" fromId="26" toId="13">
</dataflow>
<dataflow id="102" from="empty_5" to="specinterface_ln0" fromId="101" toId="13">
</dataflow>
<dataflow id="103" from="StgValue_47" to="specinterface_ln0" fromId="47" toId="13">
</dataflow>
<dataflow id="104" from="StgValue_47" to="specinterface_ln0" fromId="47" toId="13">
</dataflow>
<dataflow id="105" from="empty_0" to="specinterface_ln0" fromId="49" toId="13">
</dataflow>
<dataflow id="106" from="StgValue_47" to="specinterface_ln0" fromId="47" toId="13">
</dataflow>
<dataflow id="107" from="StgValue_47" to="specinterface_ln0" fromId="47" toId="13">
</dataflow>
<dataflow id="108" from="empty_0" to="specinterface_ln0" fromId="49" toId="13">
</dataflow>
<dataflow id="109" from="empty_0" to="specinterface_ln0" fromId="49" toId="13">
</dataflow>
<dataflow id="110" from="empty_0" to="specinterface_ln0" fromId="49" toId="13">
</dataflow>
<dataflow id="111" from="StgValue_47" to="specinterface_ln0" fromId="47" toId="13">
</dataflow>
<dataflow id="112" from="StgValue_47" to="specinterface_ln0" fromId="47" toId="13">
</dataflow>
<dataflow id="113" from="StgValue_47" to="specinterface_ln0" fromId="47" toId="13">
</dataflow>
<dataflow id="114" from="StgValue_47" to="specinterface_ln0" fromId="47" toId="13">
</dataflow>
<dataflow id="115" from="empty_0" to="specinterface_ln0" fromId="49" toId="13">
</dataflow>
<dataflow id="116" from="empty_4" to="specinterface_ln0" fromId="97" toId="13">
</dataflow>
<dataflow id="117" from="_ssdm_op_SpecInterface" to="specinterface_ln0" fromId="55" toId="14">
</dataflow>
<dataflow id="118" from="y" to="specinterface_ln0" fromId="27" toId="14">
</dataflow>
<dataflow id="119" from="empty_1" to="specinterface_ln0" fromId="80" toId="14">
</dataflow>
<dataflow id="120" from="StgValue_47" to="specinterface_ln0" fromId="47" toId="14">
</dataflow>
<dataflow id="121" from="StgValue_47" to="specinterface_ln0" fromId="47" toId="14">
</dataflow>
<dataflow id="122" from="empty_0" to="specinterface_ln0" fromId="49" toId="14">
</dataflow>
<dataflow id="123" from="StgValue_47" to="specinterface_ln0" fromId="47" toId="14">
</dataflow>
<dataflow id="124" from="StgValue_47" to="specinterface_ln0" fromId="47" toId="14">
</dataflow>
<dataflow id="125" from="empty_2" to="specinterface_ln0" fromId="87" toId="14">
</dataflow>
<dataflow id="127" from="empty_6" to="specinterface_ln0" fromId="126" toId="14">
</dataflow>
<dataflow id="128" from="empty_0" to="specinterface_ln0" fromId="49" toId="14">
</dataflow>
<dataflow id="129" from="StgValue_47" to="specinterface_ln0" fromId="47" toId="14">
</dataflow>
<dataflow id="130" from="StgValue_47" to="specinterface_ln0" fromId="47" toId="14">
</dataflow>
<dataflow id="131" from="StgValue_47" to="specinterface_ln0" fromId="47" toId="14">
</dataflow>
<dataflow id="132" from="StgValue_47" to="specinterface_ln0" fromId="47" toId="14">
</dataflow>
<dataflow id="133" from="empty_0" to="specinterface_ln0" fromId="49" toId="14">
</dataflow>
<dataflow id="134" from="empty_4" to="specinterface_ln0" fromId="97" toId="14">
</dataflow>
<dataflow id="135" from="_ssdm_op_SpecInterface" to="specinterface_ln0" fromId="55" toId="15">
</dataflow>
<dataflow id="136" from="y" to="specinterface_ln0" fromId="27" toId="15">
</dataflow>
<dataflow id="137" from="empty_5" to="specinterface_ln0" fromId="101" toId="15">
</dataflow>
<dataflow id="138" from="StgValue_47" to="specinterface_ln0" fromId="47" toId="15">
</dataflow>
<dataflow id="139" from="StgValue_47" to="specinterface_ln0" fromId="47" toId="15">
</dataflow>
<dataflow id="140" from="empty_0" to="specinterface_ln0" fromId="49" toId="15">
</dataflow>
<dataflow id="141" from="StgValue_47" to="specinterface_ln0" fromId="47" toId="15">
</dataflow>
<dataflow id="142" from="StgValue_47" to="specinterface_ln0" fromId="47" toId="15">
</dataflow>
<dataflow id="143" from="empty_0" to="specinterface_ln0" fromId="49" toId="15">
</dataflow>
<dataflow id="144" from="empty_0" to="specinterface_ln0" fromId="49" toId="15">
</dataflow>
<dataflow id="145" from="empty_0" to="specinterface_ln0" fromId="49" toId="15">
</dataflow>
<dataflow id="146" from="StgValue_47" to="specinterface_ln0" fromId="47" toId="15">
</dataflow>
<dataflow id="147" from="StgValue_47" to="specinterface_ln0" fromId="47" toId="15">
</dataflow>
<dataflow id="148" from="StgValue_47" to="specinterface_ln0" fromId="47" toId="15">
</dataflow>
<dataflow id="149" from="StgValue_47" to="specinterface_ln0" fromId="47" toId="15">
</dataflow>
<dataflow id="150" from="empty_0" to="specinterface_ln0" fromId="49" toId="15">
</dataflow>
<dataflow id="151" from="empty_4" to="specinterface_ln0" fromId="97" toId="15">
</dataflow>
<dataflow id="152" from="_ssdm_op_SpecBitsMap" to="specbitsmap_ln0" fromId="75" toId="16">
</dataflow>
<dataflow id="153" from="a" to="specbitsmap_ln0" fromId="28" toId="16">
</dataflow>
<dataflow id="154" from="_ssdm_op_SpecInterface" to="specinterface_ln0" fromId="55" toId="17">
</dataflow>
<dataflow id="155" from="a" to="specinterface_ln0" fromId="28" toId="17">
</dataflow>
<dataflow id="156" from="empty_1" to="specinterface_ln0" fromId="80" toId="17">
</dataflow>
<dataflow id="157" from="StgValue_47" to="specinterface_ln0" fromId="47" toId="17">
</dataflow>
<dataflow id="158" from="StgValue_47" to="specinterface_ln0" fromId="47" toId="17">
</dataflow>
<dataflow id="159" from="empty_0" to="specinterface_ln0" fromId="49" toId="17">
</dataflow>
<dataflow id="160" from="StgValue_47" to="specinterface_ln0" fromId="47" toId="17">
</dataflow>
<dataflow id="161" from="StgValue_47" to="specinterface_ln0" fromId="47" toId="17">
</dataflow>
<dataflow id="162" from="empty_2" to="specinterface_ln0" fromId="87" toId="17">
</dataflow>
<dataflow id="164" from="empty_7" to="specinterface_ln0" fromId="163" toId="17">
</dataflow>
<dataflow id="165" from="empty_0" to="specinterface_ln0" fromId="49" toId="17">
</dataflow>
<dataflow id="166" from="StgValue_47" to="specinterface_ln0" fromId="47" toId="17">
</dataflow>
<dataflow id="167" from="StgValue_47" to="specinterface_ln0" fromId="47" toId="17">
</dataflow>
<dataflow id="168" from="StgValue_47" to="specinterface_ln0" fromId="47" toId="17">
</dataflow>
<dataflow id="169" from="StgValue_47" to="specinterface_ln0" fromId="47" toId="17">
</dataflow>
<dataflow id="170" from="empty_0" to="specinterface_ln0" fromId="49" toId="17">
</dataflow>
<dataflow id="171" from="empty_0" to="specinterface_ln0" fromId="49" toId="17">
</dataflow>
<dataflow id="172" from="_ssdm_op_SpecInterface" to="specinterface_ln0" fromId="55" toId="18">
</dataflow>
<dataflow id="173" from="a" to="specinterface_ln0" fromId="28" toId="18">
</dataflow>
<dataflow id="174" from="empty_5" to="specinterface_ln0" fromId="101" toId="18">
</dataflow>
<dataflow id="175" from="StgValue_47" to="specinterface_ln0" fromId="47" toId="18">
</dataflow>
<dataflow id="176" from="StgValue_47" to="specinterface_ln0" fromId="47" toId="18">
</dataflow>
<dataflow id="177" from="empty_0" to="specinterface_ln0" fromId="49" toId="18">
</dataflow>
<dataflow id="178" from="StgValue_47" to="specinterface_ln0" fromId="47" toId="18">
</dataflow>
<dataflow id="179" from="StgValue_47" to="specinterface_ln0" fromId="47" toId="18">
</dataflow>
<dataflow id="180" from="empty_0" to="specinterface_ln0" fromId="49" toId="18">
</dataflow>
<dataflow id="181" from="empty_0" to="specinterface_ln0" fromId="49" toId="18">
</dataflow>
<dataflow id="182" from="empty_0" to="specinterface_ln0" fromId="49" toId="18">
</dataflow>
<dataflow id="183" from="StgValue_47" to="specinterface_ln0" fromId="47" toId="18">
</dataflow>
<dataflow id="184" from="StgValue_47" to="specinterface_ln0" fromId="47" toId="18">
</dataflow>
<dataflow id="185" from="StgValue_47" to="specinterface_ln0" fromId="47" toId="18">
</dataflow>
<dataflow id="186" from="StgValue_47" to="specinterface_ln0" fromId="47" toId="18">
</dataflow>
<dataflow id="187" from="empty_0" to="specinterface_ln0" fromId="49" toId="18">
</dataflow>
<dataflow id="188" from="empty_0" to="specinterface_ln0" fromId="49" toId="18">
</dataflow>
<dataflow id="189" from="_ssdm_op_SpecInterface" to="specinterface_ln0" fromId="55" toId="19">
</dataflow>
<dataflow id="190" from="StgValue_47" to="specinterface_ln0" fromId="47" toId="19">
</dataflow>
<dataflow id="191" from="empty_1" to="specinterface_ln0" fromId="80" toId="19">
</dataflow>
<dataflow id="192" from="StgValue_47" to="specinterface_ln0" fromId="47" toId="19">
</dataflow>
<dataflow id="193" from="StgValue_47" to="specinterface_ln0" fromId="47" toId="19">
</dataflow>
<dataflow id="194" from="empty_0" to="specinterface_ln0" fromId="49" toId="19">
</dataflow>
<dataflow id="195" from="StgValue_47" to="specinterface_ln0" fromId="47" toId="19">
</dataflow>
<dataflow id="196" from="StgValue_47" to="specinterface_ln0" fromId="47" toId="19">
</dataflow>
<dataflow id="197" from="empty_2" to="specinterface_ln0" fromId="87" toId="19">
</dataflow>
<dataflow id="198" from="empty_0" to="specinterface_ln0" fromId="49" toId="19">
</dataflow>
<dataflow id="199" from="empty_0" to="specinterface_ln0" fromId="49" toId="19">
</dataflow>
<dataflow id="200" from="StgValue_47" to="specinterface_ln0" fromId="47" toId="19">
</dataflow>
<dataflow id="201" from="StgValue_47" to="specinterface_ln0" fromId="47" toId="19">
</dataflow>
<dataflow id="202" from="StgValue_47" to="specinterface_ln0" fromId="47" toId="19">
</dataflow>
<dataflow id="203" from="StgValue_47" to="specinterface_ln0" fromId="47" toId="19">
</dataflow>
<dataflow id="204" from="empty_0" to="specinterface_ln0" fromId="49" toId="19">
</dataflow>
<dataflow id="205" from="empty_0" to="specinterface_ln0" fromId="49" toId="19">
</dataflow>
<dataflow id="206" from="Block_.split1_proc" to="call_ln4" fromId="37" toId="20">
</dataflow>
<dataflow id="207" from="x_read" to="call_ln4" fromId="6" toId="20">
</dataflow>
<dataflow id="208" from="gmem" to="call_ln4" fromId="25" toId="20">
</dataflow>
<dataflow id="209" from="y_read" to="call_ln4" fromId="5" toId="20">
</dataflow>
<dataflow id="210" from="a_read" to="call_ln4" fromId="4" toId="20">
</dataflow>
</dataflows>


</stg>
